Ncores,for,distrib
2,0.361894,1.25392
4,0.176189,1.24411
8,0.0892764,1.27344
16,0.0637695,1.39315
32,0.0244452,1.48596
