Ncores,MPI,OpenMP
1,0.787014,1.02E+09
2,1.90799,6.18E+08
4,1.57364,3.49E+08
8,1.37004,1.52E+08
16,1.28861,1.01E+08
32,1.40125,6.35E+07
